"GEOID","City","STATE_x","COUNTY_x"
"36005000100","NYC","NY","Bronx"
"36005000200","NYC","NY","Bronx"
"36005000400","NYC","NY","Bronx"
"36005001600","NYC","NY","Bronx"
"36005001900","NYC","NY","Bronx"
"36005002000","NYC","NY","Bronx"
"36005002300","NYC","NY","Bronx"
"36005002400","NYC","NY","Bronx"
"36005002500","NYC","NY","Bronx"
"36005002701","NYC","NY","Bronx"
"36005002702","NYC","NY","Bronx"
"36005002800","NYC","NY","Bronx"
"36005003100","NYC","NY","Bronx"
"36005003300","NYC","NY","Bronx"
"36005003500","NYC","NY","Bronx"
"36005003700","NYC","NY","Bronx"
"36005003800","NYC","NY","Bronx"
"36005003900","NYC","NY","Bronx"
"36005004001","NYC","NY","Bronx"
"36005004100","NYC","NY","Bronx"
"36005004200","NYC","NY","Bronx"
"36005004300","NYC","NY","Bronx"
"36005004400","NYC","NY","Bronx"
"36005004600","NYC","NY","Bronx"
"36005004800","NYC","NY","Bronx"
"36005005001","NYC","NY","Bronx"
"36005005002","NYC","NY","Bronx"
"36005005100","NYC","NY","Bronx"
"36005005200","NYC","NY","Bronx"
"36005005300","NYC","NY","Bronx"
"36005005400","NYC","NY","Bronx"
"36005005600","NYC","NY","Bronx"
"36005005902","NYC","NY","Bronx"
"36005006000","NYC","NY","Bronx"
"36005006100","NYC","NY","Bronx"
"36005006200","NYC","NY","Bronx"
"36005006300","NYC","NY","Bronx"
"36005006400","NYC","NY","Bronx"
"36005006500","NYC","NY","Bronx"
"36005006700","NYC","NY","Bronx"
"36005006800","NYC","NY","Bronx"
"36005006900","NYC","NY","Bronx"
"36005007000","NYC","NY","Bronx"
"36005007100","NYC","NY","Bronx"
"36005007200","NYC","NY","Bronx"
"36005007300","NYC","NY","Bronx"
"36005007400","NYC","NY","Bronx"
"36005007500","NYC","NY","Bronx"
"36005007600","NYC","NY","Bronx"
"36005007700","NYC","NY","Bronx"
"36005007800","NYC","NY","Bronx"
"36005007900","NYC","NY","Bronx"
"36005008300","NYC","NY","Bronx"
"36005008400","NYC","NY","Bronx"
"36005008500","NYC","NY","Bronx"
"36005008600","NYC","NY","Bronx"
"36005008700","NYC","NY","Bronx"
"36005008900","NYC","NY","Bronx"
"36005009000","NYC","NY","Bronx"
"36005009200","NYC","NY","Bronx"
"36005009300","NYC","NY","Bronx"
"36005009600","NYC","NY","Bronx"
"36005009800","NYC","NY","Bronx"
"36005011000","NYC","NY","Bronx"
"36005011502","NYC","NY","Bronx"
"36005011700","NYC","NY","Bronx"
"36005011800","NYC","NY","Bronx"
"36005011900","NYC","NY","Bronx"
"36005012101","NYC","NY","Bronx"
"36005012102","NYC","NY","Bronx"
"36005012300","NYC","NY","Bronx"
"36005012500","NYC","NY","Bronx"
"36005012701","NYC","NY","Bronx"
"36005012901","NYC","NY","Bronx"
"36005013000","NYC","NY","Bronx"
"36005013100","NYC","NY","Bronx"
"36005013200","NYC","NY","Bronx"
"36005013300","NYC","NY","Bronx"
"36005013500","NYC","NY","Bronx"
"36005013800","NYC","NY","Bronx"
"36005014100","NYC","NY","Bronx"
"36005014300","NYC","NY","Bronx"
"36005014400","NYC","NY","Bronx"
"36005014500","NYC","NY","Bronx"
"36005014701","NYC","NY","Bronx"
"36005014702","NYC","NY","Bronx"
"36005014900","NYC","NY","Bronx"
"36005015100","NYC","NY","Bronx"
"36005015200","NYC","NY","Bronx"
"36005015300","NYC","NY","Bronx"
"36005015500","NYC","NY","Bronx"
"36005015700","NYC","NY","Bronx"
"36005015800","NYC","NY","Bronx"
"36005015900","NYC","NY","Bronx"
"36005016000","NYC","NY","Bronx"
"36005016100","NYC","NY","Bronx"
"36005016200","NYC","NY","Bronx"
"36005016300","NYC","NY","Bronx"
"36005016400","NYC","NY","Bronx"
"36005016500","NYC","NY","Bronx"
"36005016600","NYC","NY","Bronx"
"36005016700","NYC","NY","Bronx"
"36005016900","NYC","NY","Bronx"
"36005017100","NYC","NY","Bronx"
"36005017300","NYC","NY","Bronx"
"36005017500","NYC","NY","Bronx"
"36005017701","NYC","NY","Bronx"
"36005017702","NYC","NY","Bronx"
"36005017901","NYC","NY","Bronx"
"36005017902","NYC","NY","Bronx"
"36005018101","NYC","NY","Bronx"
"36005018102","NYC","NY","Bronx"
"36005018301","NYC","NY","Bronx"
"36005018302","NYC","NY","Bronx"
"36005018400","NYC","NY","Bronx"
"36005018500","NYC","NY","Bronx"
"36005018900","NYC","NY","Bronx"
"36005019300","NYC","NY","Bronx"
"36005019400","NYC","NY","Bronx"
"36005019500","NYC","NY","Bronx"
"36005019700","NYC","NY","Bronx"
"36005019900","NYC","NY","Bronx"
"36005020000","NYC","NY","Bronx"
"36005020100","NYC","NY","Bronx"
"36005020200","NYC","NY","Bronx"
"36005020400","NYC","NY","Bronx"
"36005020501","NYC","NY","Bronx"
"36005020502","NYC","NY","Bronx"
"36005020601","NYC","NY","Bronx"
"36005020900","NYC","NY","Bronx"
"36005021001","NYC","NY","Bronx"
"36005021002","NYC","NY","Bronx"
"36005021100","NYC","NY","Bronx"
"36005021200","NYC","NY","Bronx"
"36005021301","NYC","NY","Bronx"
"36005021302","NYC","NY","Bronx"
"36005021501","NYC","NY","Bronx"
"36005021502","NYC","NY","Bronx"
"36005021601","NYC","NY","Bronx"
"36005021602","NYC","NY","Bronx"
"36005021700","NYC","NY","Bronx"
"36005021800","NYC","NY","Bronx"
"36005021900","NYC","NY","Bronx"
"36005022000","NYC","NY","Bronx"
"36005022101","NYC","NY","Bronx"
"36005022102","NYC","NY","Bronx"
"36005022200","NYC","NY","Bronx"
"36005022300","NYC","NY","Bronx"
"36005022401","NYC","NY","Bronx"
"36005022403","NYC","NY","Bronx"
"36005022404","NYC","NY","Bronx"
"36005022500","NYC","NY","Bronx"
"36005022701","NYC","NY","Bronx"
"36005022702","NYC","NY","Bronx"
"36005022703","NYC","NY","Bronx"
"36005022800","NYC","NY","Bronx"
"36005022901","NYC","NY","Bronx"
"36005022902","NYC","NY","Bronx"
"36005023000","NYC","NY","Bronx"
"36005023100","NYC","NY","Bronx"
"36005023200","NYC","NY","Bronx"
"36005023301","NYC","NY","Bronx"
"36005023302","NYC","NY","Bronx"
"36005023501","NYC","NY","Bronx"
"36005023502","NYC","NY","Bronx"
"36005023600","NYC","NY","Bronx"
"36005023702","NYC","NY","Bronx"
"36005023703","NYC","NY","Bronx"
"36005023704","NYC","NY","Bronx"
"36005023800","NYC","NY","Bronx"
"36005023900","NYC","NY","Bronx"
"36005024000","NYC","NY","Bronx"
"36005024100","NYC","NY","Bronx"
"36005024300","NYC","NY","Bronx"
"36005024400","NYC","NY","Bronx"
"36005024501","NYC","NY","Bronx"
"36005024502","NYC","NY","Bronx"
"36005024600","NYC","NY","Bronx"
"36005024700","NYC","NY","Bronx"
"36005024800","NYC","NY","Bronx"
"36005024900","NYC","NY","Bronx"
"36005025000","NYC","NY","Bronx"
"36005025100","NYC","NY","Bronx"
"36005025200","NYC","NY","Bronx"
"36005025300","NYC","NY","Bronx"
"36005025400","NYC","NY","Bronx"
"36005025500","NYC","NY","Bronx"
"36005025600","NYC","NY","Bronx"
"36005025700","NYC","NY","Bronx"
"36005026100","NYC","NY","Bronx"
"36005026300","NYC","NY","Bronx"
"36005026400","NYC","NY","Bronx"
"36005026500","NYC","NY","Bronx"
"36005026601","NYC","NY","Bronx"
"36005026602","NYC","NY","Bronx"
"36005026701","NYC","NY","Bronx"
"36005026702","NYC","NY","Bronx"
"36005026900","NYC","NY","Bronx"
"36005027300","NYC","NY","Bronx"
"36005027401","NYC","NY","Bronx"
"36005027402","NYC","NY","Bronx"
"36005027600","NYC","NY","Bronx"
"36005027700","NYC","NY","Bronx"
"36005027900","NYC","NY","Bronx"
"36005028100","NYC","NY","Bronx"
"36005028300","NYC","NY","Bronx"
"36005028400","NYC","NY","Bronx"
"36005028500","NYC","NY","Bronx"
"36005028600","NYC","NY","Bronx"
"36005028700","NYC","NY","Bronx"
"36005028800","NYC","NY","Bronx"
"36005028900","NYC","NY","Bronx"
"36005029301","NYC","NY","Bronx"
"36005029302","NYC","NY","Bronx"
"36005029500","NYC","NY","Bronx"
"36005029600","NYC","NY","Bronx"
"36005029700","NYC","NY","Bronx"
"36005030000","NYC","NY","Bronx"
"36005030100","NYC","NY","Bronx"
"36005030200","NYC","NY","Bronx"
"36005030701","NYC","NY","Bronx"
"36005030900","NYC","NY","Bronx"
"36005031000","NYC","NY","Bronx"
"36005031200","NYC","NY","Bronx"
"36005031400","NYC","NY","Bronx"
"36005031600","NYC","NY","Bronx"
"36005031800","NYC","NY","Bronx"
"36005031900","NYC","NY","Bronx"
"36005032300","NYC","NY","Bronx"
"36005032400","NYC","NY","Bronx"
"36005032600","NYC","NY","Bronx"
"36005032800","NYC","NY","Bronx"
"36005033000","NYC","NY","Bronx"
"36005033201","NYC","NY","Bronx"
"36005033202","NYC","NY","Bronx"
"36005033400","NYC","NY","Bronx"
"36005033500","NYC","NY","Bronx"
"36005033600","NYC","NY","Bronx"
"36005033700","NYC","NY","Bronx"
"36005033800","NYC","NY","Bronx"
"36005034000","NYC","NY","Bronx"
"36005034200","NYC","NY","Bronx"
"36005034300","NYC","NY","Bronx"
"36005034400","NYC","NY","Bronx"
"36005034500","NYC","NY","Bronx"
"36005034800","NYC","NY","Bronx"
"36005035000","NYC","NY","Bronx"
"36005035100","NYC","NY","Bronx"
"36005035600","NYC","NY","Bronx"
"36005035800","NYC","NY","Bronx"
"36005035900","NYC","NY","Bronx"
"36005036000","NYC","NY","Bronx"
"36005036100","NYC","NY","Bronx"
"36005036300","NYC","NY","Bronx"
"36005036400","NYC","NY","Bronx"
"36005036501","NYC","NY","Bronx"
"36005036502","NYC","NY","Bronx"
"36005036700","NYC","NY","Bronx"
"36005036800","NYC","NY","Bronx"
"36005036901","NYC","NY","Bronx"
"36005036902","NYC","NY","Bronx"
"36005037000","NYC","NY","Bronx"
"36005037100","NYC","NY","Bronx"
"36005037200","NYC","NY","Bronx"
"36005037300","NYC","NY","Bronx"
"36005037400","NYC","NY","Bronx"
"36005037504","NYC","NY","Bronx"
"36005037600","NYC","NY","Bronx"
"36005037800","NYC","NY","Bronx"
"36005037900","NYC","NY","Bronx"
"36005038000","NYC","NY","Bronx"
"36005038100","NYC","NY","Bronx"
"36005038200","NYC","NY","Bronx"
"36005038301","NYC","NY","Bronx"
"36005038302","NYC","NY","Bronx"
"36005038500","NYC","NY","Bronx"
"36005038600","NYC","NY","Bronx"
"36005038700","NYC","NY","Bronx"
"36005038800","NYC","NY","Bronx"
"36005038900","NYC","NY","Bronx"
"36005039000","NYC","NY","Bronx"
"36005039100","NYC","NY","Bronx"
"36005039200","NYC","NY","Bronx"
"36005039300","NYC","NY","Bronx"
"36005039400","NYC","NY","Bronx"
"36005039500","NYC","NY","Bronx"
"36005039600","NYC","NY","Bronx"
"36005039700","NYC","NY","Bronx"
"36005039800","NYC","NY","Bronx"
"36005039901","NYC","NY","Bronx"
"36005039902","NYC","NY","Bronx"
"36005040100","NYC","NY","Bronx"
"36005040302","NYC","NY","Bronx"
"36005040303","NYC","NY","Bronx"
"36005040304","NYC","NY","Bronx"
"36005040400","NYC","NY","Bronx"
"36005040501","NYC","NY","Bronx"
"36005040502","NYC","NY","Bronx"
"36005040600","NYC","NY","Bronx"
"36005040701","NYC","NY","Bronx"
"36005040702","NYC","NY","Bronx"
"36005040800","NYC","NY","Bronx"
"36005040900","NYC","NY","Bronx"
"36005041100","NYC","NY","Bronx"
"36005041300","NYC","NY","Bronx"
"36005041400","NYC","NY","Bronx"
"36005041500","NYC","NY","Bronx"
"36005041800","NYC","NY","Bronx"
"36005041900","NYC","NY","Bronx"
"36005042000","NYC","NY","Bronx"
"36005042100","NYC","NY","Bronx"
"36005042200","NYC","NY","Bronx"
"36005042300","NYC","NY","Bronx"
"36005042400","NYC","NY","Bronx"
"36005042500","NYC","NY","Bronx"
"36005042600","NYC","NY","Bronx"
"36005042800","NYC","NY","Bronx"
"36005042901","NYC","NY","Bronx"
"36005042902","NYC","NY","Bronx"
"36005043000","NYC","NY","Bronx"
"36005043100","NYC","NY","Bronx"
"36005043400","NYC","NY","Bronx"
"36005043500","NYC","NY","Bronx"
"36005043600","NYC","NY","Bronx"
"36005044200","NYC","NY","Bronx"
"36005044400","NYC","NY","Bronx"
"36005044800","NYC","NY","Bronx"
"36005044901","NYC","NY","Bronx"
"36005044902","NYC","NY","Bronx"
"36005045101","NYC","NY","Bronx"
"36005045102","NYC","NY","Bronx"
"36005045600","NYC","NY","Bronx"
"36005045800","NYC","NY","Bronx"
"36005046000","NYC","NY","Bronx"
"36005046201","NYC","NY","Bronx"
"36005046202","NYC","NY","Bronx"
"36005048400","NYC","NY","Bronx"
"36005050400","NYC","NY","Bronx"
"36005051600","NYC","NY","Bronx"
"36047000100","NYC","NY","Kings"
"36047000200","NYC","NY","Kings"
"36047000301","NYC","NY","Kings"
"36047000501","NYC","NY","Kings"
"36047000502","NYC","NY","Kings"
"36047000700","NYC","NY","Kings"
"36047000900","NYC","NY","Kings"
"36047001100","NYC","NY","Kings"
"36047001300","NYC","NY","Kings"
"36047001500","NYC","NY","Kings"
"36047001800","NYC","NY","Kings"
"36047002000","NYC","NY","Kings"
"36047002100","NYC","NY","Kings"
"36047002200","NYC","NY","Kings"
"36047002300","NYC","NY","Kings"
"36047002901","NYC","NY","Kings"
"36047003000","NYC","NY","Kings"
"36047003100","NYC","NY","Kings"
"36047003300","NYC","NY","Kings"
"36047003400","NYC","NY","Kings"
"36047003500","NYC","NY","Kings"
"36047003600","NYC","NY","Kings"
"36047003700","NYC","NY","Kings"
"36047003800","NYC","NY","Kings"
"36047003900","NYC","NY","Kings"
"36047004100","NYC","NY","Kings"
"36047004300","NYC","NY","Kings"
"36047004400","NYC","NY","Kings"
"36047004500","NYC","NY","Kings"
"36047004600","NYC","NY","Kings"
"36047004700","NYC","NY","Kings"
"36047004900","NYC","NY","Kings"
"36047005000","NYC","NY","Kings"
"36047005100","NYC","NY","Kings"
"36047005201","NYC","NY","Kings"
"36047005202","NYC","NY","Kings"
"36047005300","NYC","NY","Kings"
"36047005400","NYC","NY","Kings"
"36047005601","NYC","NY","Kings"
"36047005602","NYC","NY","Kings"
"36047005800","NYC","NY","Kings"
"36047005900","NYC","NY","Kings"
"36047006000","NYC","NY","Kings"
"36047006200","NYC","NY","Kings"
"36047006300","NYC","NY","Kings"
"36047006400","NYC","NY","Kings"
"36047006500","NYC","NY","Kings"
"36047006600","NYC","NY","Kings"
"36047006700","NYC","NY","Kings"
"36047006800","NYC","NY","Kings"
"36047006900","NYC","NY","Kings"
"36047007000","NYC","NY","Kings"
"36047007100","NYC","NY","Kings"
"36047007200","NYC","NY","Kings"
"36047007400","NYC","NY","Kings"
"36047007500","NYC","NY","Kings"
"36047007600","NYC","NY","Kings"
"36047007700","NYC","NY","Kings"
"36047007800","NYC","NY","Kings"
"36047008000","NYC","NY","Kings"
"36047008200","NYC","NY","Kings"
"36047008400","NYC","NY","Kings"
"36047008500","NYC","NY","Kings"
"36047008600","NYC","NY","Kings"
"36047008800","NYC","NY","Kings"
"36047009000","NYC","NY","Kings"
"36047009200","NYC","NY","Kings"
"36047009400","NYC","NY","Kings"
"36047009600","NYC","NY","Kings"
"36047009800","NYC","NY","Kings"
"36047010000","NYC","NY","Kings"
"36047010100","NYC","NY","Kings"
"36047010200","NYC","NY","Kings"
"36047010400","NYC","NY","Kings"
"36047010600","NYC","NY","Kings"
"36047010800","NYC","NY","Kings"
"36047011000","NYC","NY","Kings"
"36047011200","NYC","NY","Kings"
"36047011400","NYC","NY","Kings"
"36047011600","NYC","NY","Kings"
"36047011700","NYC","NY","Kings"
"36047011800","NYC","NY","Kings"
"36047011900","NYC","NY","Kings"
"36047012000","NYC","NY","Kings"
"36047012100","NYC","NY","Kings"
"36047012200","NYC","NY","Kings"
"36047012600","NYC","NY","Kings"
"36047012700","NYC","NY","Kings"
"36047012801","NYC","NY","Kings"
"36047012901","NYC","NY","Kings"
"36047012902","NYC","NY","Kings"
"36047013000","NYC","NY","Kings"
"36047013100","NYC","NY","Kings"
"36047013200","NYC","NY","Kings"
"36047013300","NYC","NY","Kings"
"36047013400","NYC","NY","Kings"
"36047013500","NYC","NY","Kings"
"36047013600","NYC","NY","Kings"
"36047013700","NYC","NY","Kings"
"36047013800","NYC","NY","Kings"
"36047013900","NYC","NY","Kings"
"36047014000","NYC","NY","Kings"
"36047014100","NYC","NY","Kings"
"36047014200","NYC","NY","Kings"
"36047014300","NYC","NY","Kings"
"36047014500","NYC","NY","Kings"
"36047014700","NYC","NY","Kings"
"36047014800","NYC","NY","Kings"
"36047014900","NYC","NY","Kings"
"36047015000","NYC","NY","Kings"
"36047015100","NYC","NY","Kings"
"36047015200","NYC","NY","Kings"
"36047015300","NYC","NY","Kings"
"36047015400","NYC","NY","Kings"
"36047015500","NYC","NY","Kings"
"36047015700","NYC","NY","Kings"
"36047015900","NYC","NY","Kings"
"36047016000","NYC","NY","Kings"
"36047016100","NYC","NY","Kings"
"36047016200","NYC","NY","Kings"
"36047016300","NYC","NY","Kings"
"36047016400","NYC","NY","Kings"
"36047016500","NYC","NY","Kings"
"36047016600","NYC","NY","Kings"
"36047016700","NYC","NY","Kings"
"36047016800","NYC","NY","Kings"
"36047016900","NYC","NY","Kings"
"36047017000","NYC","NY","Kings"
"36047017100","NYC","NY","Kings"
"36047017200","NYC","NY","Kings"
"36047017400","NYC","NY","Kings"
"36047017500","NYC","NY","Kings"
"36047017600","NYC","NY","Kings"
"36047017700","NYC","NY","Kings"
"36047017800","NYC","NY","Kings"
"36047017900","NYC","NY","Kings"
"36047018000","NYC","NY","Kings"
"36047018100","NYC","NY","Kings"
"36047018200","NYC","NY","Kings"
"36047018300","NYC","NY","Kings"
"36047018400","NYC","NY","Kings"
"36047018501","NYC","NY","Kings"
"36047018600","NYC","NY","Kings"
"36047018700","NYC","NY","Kings"
"36047018800","NYC","NY","Kings"
"36047019000","NYC","NY","Kings"
"36047019100","NYC","NY","Kings"
"36047019200","NYC","NY","Kings"
"36047019300","NYC","NY","Kings"
"36047019400","NYC","NY","Kings"
"36047019500","NYC","NY","Kings"
"36047019600","NYC","NY","Kings"
"36047019700","NYC","NY","Kings"
"36047019800","NYC","NY","Kings"
"36047019900","NYC","NY","Kings"
"36047020000","NYC","NY","Kings"
"36047020100","NYC","NY","Kings"
"36047020200","NYC","NY","Kings"
"36047020300","NYC","NY","Kings"
"36047020400","NYC","NY","Kings"
"36047020500","NYC","NY","Kings"
"36047020600","NYC","NY","Kings"
"36047020700","NYC","NY","Kings"
"36047020800","NYC","NY","Kings"
"36047021000","NYC","NY","Kings"
"36047021100","NYC","NY","Kings"
"36047021200","NYC","NY","Kings"
"36047021300","NYC","NY","Kings"
"36047021400","NYC","NY","Kings"
"36047021500","NYC","NY","Kings"
"36047021600","NYC","NY","Kings"
"36047021700","NYC","NY","Kings"
"36047021800","NYC","NY","Kings"
"36047021900","NYC","NY","Kings"
"36047022000","NYC","NY","Kings"
"36047022100","NYC","NY","Kings"
"36047022200","NYC","NY","Kings"
"36047022400","NYC","NY","Kings"
"36047022600","NYC","NY","Kings"
"36047022700","NYC","NY","Kings"
"36047022800","NYC","NY","Kings"
"36047022900","NYC","NY","Kings"
"36047023000","NYC","NY","Kings"
"36047023100","NYC","NY","Kings"
"36047023200","NYC","NY","Kings"
"36047023300","NYC","NY","Kings"
"36047023400","NYC","NY","Kings"
"36047023500","NYC","NY","Kings"
"36047023600","NYC","NY","Kings"
"36047023800","NYC","NY","Kings"
"36047024000","NYC","NY","Kings"
"36047024100","NYC","NY","Kings"
"36047024200","NYC","NY","Kings"
"36047024300","NYC","NY","Kings"
"36047024400","NYC","NY","Kings"
"36047024500","NYC","NY","Kings"
"36047024600","NYC","NY","Kings"
"36047024700","NYC","NY","Kings"
"36047024800","NYC","NY","Kings"
"36047024900","NYC","NY","Kings"
"36047025000","NYC","NY","Kings"
"36047025100","NYC","NY","Kings"
"36047025200","NYC","NY","Kings"
"36047025300","NYC","NY","Kings"
"36047025400","NYC","NY","Kings"
"36047025500","NYC","NY","Kings"
"36047025600","NYC","NY","Kings"
"36047025700","NYC","NY","Kings"
"36047025800","NYC","NY","Kings"
"36047025901","NYC","NY","Kings"
"36047025902","NYC","NY","Kings"
"36047026000","NYC","NY","Kings"
"36047026100","NYC","NY","Kings"
"36047026200","NYC","NY","Kings"
"36047026300","NYC","NY","Kings"
"36047026400","NYC","NY","Kings"
"36047026500","NYC","NY","Kings"
"36047026600","NYC","NY","Kings"
"36047026700","NYC","NY","Kings"
"36047026800","NYC","NY","Kings"
"36047026900","NYC","NY","Kings"
"36047027000","NYC","NY","Kings"
"36047027100","NYC","NY","Kings"
"36047027200","NYC","NY","Kings"
"36047027300","NYC","NY","Kings"
"36047027400","NYC","NY","Kings"
"36047027500","NYC","NY","Kings"
"36047027600","NYC","NY","Kings"
"36047027700","NYC","NY","Kings"
"36047027800","NYC","NY","Kings"
"36047027900","NYC","NY","Kings"
"36047028000","NYC","NY","Kings"
"36047028100","NYC","NY","Kings"
"36047028200","NYC","NY","Kings"
"36047028300","NYC","NY","Kings"
"36047028400","NYC","NY","Kings"
"36047028501","NYC","NY","Kings"
"36047028502","NYC","NY","Kings"
"36047028600","NYC","NY","Kings"
"36047028700","NYC","NY","Kings"
"36047028800","NYC","NY","Kings"
"36047028900","NYC","NY","Kings"
"36047029000","NYC","NY","Kings"
"36047029100","NYC","NY","Kings"
"36047029200","NYC","NY","Kings"
"36047029300","NYC","NY","Kings"
"36047029500","NYC","NY","Kings"
"36047029600","NYC","NY","Kings"
"36047029700","NYC","NY","Kings"
"36047029800","NYC","NY","Kings"
"36047029900","NYC","NY","Kings"
"36047030000","NYC","NY","Kings"
"36047030100","NYC","NY","Kings"
"36047030300","NYC","NY","Kings"
"36047030500","NYC","NY","Kings"
"36047030700","NYC","NY","Kings"
"36047030900","NYC","NY","Kings"
"36047031100","NYC","NY","Kings"
"36047031300","NYC","NY","Kings"
"36047031500","NYC","NY","Kings"
"36047031701","NYC","NY","Kings"
"36047031702","NYC","NY","Kings"
"36047031900","NYC","NY","Kings"
"36047032100","NYC","NY","Kings"
"36047032300","NYC","NY","Kings"
"36047032500","NYC","NY","Kings"
"36047032700","NYC","NY","Kings"
"36047032900","NYC","NY","Kings"
"36047033100","NYC","NY","Kings"
"36047033300","NYC","NY","Kings"
"36047033500","NYC","NY","Kings"
"36047033700","NYC","NY","Kings"
"36047033900","NYC","NY","Kings"
"36047034100","NYC","NY","Kings"
"36047034300","NYC","NY","Kings"
"36047034500","NYC","NY","Kings"
"36047034700","NYC","NY","Kings"
"36047034900","NYC","NY","Kings"
"36047035100","NYC","NY","Kings"
"36047035300","NYC","NY","Kings"
"36047035500","NYC","NY","Kings"
"36047035700","NYC","NY","Kings"
"36047035900","NYC","NY","Kings"
"36047036100","NYC","NY","Kings"
"36047036300","NYC","NY","Kings"
"36047036501","NYC","NY","Kings"
"36047036502","NYC","NY","Kings"
"36047036700","NYC","NY","Kings"
"36047036900","NYC","NY","Kings"
"36047037100","NYC","NY","Kings"
"36047037300","NYC","NY","Kings"
"36047037500","NYC","NY","Kings"
"36047037700","NYC","NY","Kings"
"36047037900","NYC","NY","Kings"
"36047038100","NYC","NY","Kings"
"36047038300","NYC","NY","Kings"
"36047038500","NYC","NY","Kings"
"36047038700","NYC","NY","Kings"
"36047038900","NYC","NY","Kings"
"36047039100","NYC","NY","Kings"
"36047039300","NYC","NY","Kings"
"36047039400","NYC","NY","Kings"
"36047039500","NYC","NY","Kings"
"36047039600","NYC","NY","Kings"
"36047039700","NYC","NY","Kings"
"36047039900","NYC","NY","Kings"
"36047040100","NYC","NY","Kings"
"36047040300","NYC","NY","Kings"
"36047040400","NYC","NY","Kings"
"36047040500","NYC","NY","Kings"
"36047040600","NYC","NY","Kings"
"36047040700","NYC","NY","Kings"
"36047040800","NYC","NY","Kings"
"36047040900","NYC","NY","Kings"
"36047041000","NYC","NY","Kings"
"36047041100","NYC","NY","Kings"
"36047041200","NYC","NY","Kings"
"36047041300","NYC","NY","Kings"
"36047041401","NYC","NY","Kings"
"36047041402","NYC","NY","Kings"
"36047041500","NYC","NY","Kings"
"36047041600","NYC","NY","Kings"
"36047041700","NYC","NY","Kings"
"36047041800","NYC","NY","Kings"
"36047041900","NYC","NY","Kings"
"36047042000","NYC","NY","Kings"
"36047042100","NYC","NY","Kings"
"36047042200","NYC","NY","Kings"
"36047042300","NYC","NY","Kings"
"36047042400","NYC","NY","Kings"
"36047042500","NYC","NY","Kings"
"36047042600","NYC","NY","Kings"
"36047042700","NYC","NY","Kings"
"36047042800","NYC","NY","Kings"
"36047042900","NYC","NY","Kings"
"36047043000","NYC","NY","Kings"
"36047043100","NYC","NY","Kings"
"36047043200","NYC","NY","Kings"
"36047043300","NYC","NY","Kings"
"36047043400","NYC","NY","Kings"
"36047043500","NYC","NY","Kings"
"36047043600","NYC","NY","Kings"
"36047043700","NYC","NY","Kings"
"36047043800","NYC","NY","Kings"
"36047043900","NYC","NY","Kings"
"36047044000","NYC","NY","Kings"
"36047044100","NYC","NY","Kings"
"36047044200","NYC","NY","Kings"
"36047044300","NYC","NY","Kings"
"36047044400","NYC","NY","Kings"
"36047044500","NYC","NY","Kings"
"36047044600","NYC","NY","Kings"
"36047044700","NYC","NY","Kings"
"36047044800","NYC","NY","Kings"
"36047044900","NYC","NY","Kings"
"36047045000","NYC","NY","Kings"
"36047045200","NYC","NY","Kings"
"36047045300","NYC","NY","Kings"
"36047045400","NYC","NY","Kings"
"36047045600","NYC","NY","Kings"
"36047045800","NYC","NY","Kings"
"36047046000","NYC","NY","Kings"
"36047046201","NYC","NY","Kings"
"36047046202","NYC","NY","Kings"
"36047046400","NYC","NY","Kings"
"36047046800","NYC","NY","Kings"
"36047047000","NYC","NY","Kings"
"36047047200","NYC","NY","Kings"
"36047047400","NYC","NY","Kings"
"36047047600","NYC","NY","Kings"
"36047047700","NYC","NY","Kings"
"36047047800","NYC","NY","Kings"
"36047048000","NYC","NY","Kings"
"36047048100","NYC","NY","Kings"
"36047048200","NYC","NY","Kings"
"36047048400","NYC","NY","Kings"
"36047048500","NYC","NY","Kings"
"36047048600","NYC","NY","Kings"
"36047048800","NYC","NY","Kings"
"36047048900","NYC","NY","Kings"
"36047049000","NYC","NY","Kings"
"36047049100","NYC","NY","Kings"
"36047049200","NYC","NY","Kings"
"36047049300","NYC","NY","Kings"
"36047049400","NYC","NY","Kings"
"36047049500","NYC","NY","Kings"
"36047049600","NYC","NY","Kings"
"36047049700","NYC","NY","Kings"
"36047049800","NYC","NY","Kings"
"36047049900","NYC","NY","Kings"
"36047050000","NYC","NY","Kings"
"36047050100","NYC","NY","Kings"
"36047050202","NYC","NY","Kings"
"36047050300","NYC","NY","Kings"
"36047050400","NYC","NY","Kings"
"36047050500","NYC","NY","Kings"
"36047050600","NYC","NY","Kings"
"36047050700","NYC","NY","Kings"
"36047050801","NYC","NY","Kings"
"36047050803","NYC","NY","Kings"
"36047050804","NYC","NY","Kings"
"36047050900","NYC","NY","Kings"
"36047051001","NYC","NY","Kings"
"36047051002","NYC","NY","Kings"
"36047051100","NYC","NY","Kings"
"36047051200","NYC","NY","Kings"
"36047051300","NYC","NY","Kings"
"36047051400","NYC","NY","Kings"
"36047051500","NYC","NY","Kings"
"36047051601","NYC","NY","Kings"
"36047051602","NYC","NY","Kings"
"36047051700","NYC","NY","Kings"
"36047051800","NYC","NY","Kings"
"36047051900","NYC","NY","Kings"
"36047052000","NYC","NY","Kings"
"36047052300","NYC","NY","Kings"
"36047052500","NYC","NY","Kings"
"36047052600","NYC","NY","Kings"
"36047052700","NYC","NY","Kings"
"36047052800","NYC","NY","Kings"
"36047052900","NYC","NY","Kings"
"36047053000","NYC","NY","Kings"
"36047053100","NYC","NY","Kings"
"36047053200","NYC","NY","Kings"
"36047053300","NYC","NY","Kings"
"36047053400","NYC","NY","Kings"
"36047053500","NYC","NY","Kings"
"36047053700","NYC","NY","Kings"
"36047053800","NYC","NY","Kings"
"36047053900","NYC","NY","Kings"
"36047054200","NYC","NY","Kings"
"36047054300","NYC","NY","Kings"
"36047054400","NYC","NY","Kings"
"36047054500","NYC","NY","Kings"
"36047054600","NYC","NY","Kings"
"36047054700","NYC","NY","Kings"
"36047054800","NYC","NY","Kings"
"36047054900","NYC","NY","Kings"
"36047055000","NYC","NY","Kings"
"36047055100","NYC","NY","Kings"
"36047055200","NYC","NY","Kings"
"36047055300","NYC","NY","Kings"
"36047055400","NYC","NY","Kings"
"36047055500","NYC","NY","Kings"
"36047055600","NYC","NY","Kings"
"36047055700","NYC","NY","Kings"
"36047055800","NYC","NY","Kings"
"36047056000","NYC","NY","Kings"
"36047056100","NYC","NY","Kings"
"36047056200","NYC","NY","Kings"
"36047056300","NYC","NY","Kings"
"36047056400","NYC","NY","Kings"
"36047056500","NYC","NY","Kings"
"36047056600","NYC","NY","Kings"
"36047056800","NYC","NY","Kings"
"36047056900","NYC","NY","Kings"
"36047057000","NYC","NY","Kings"
"36047057100","NYC","NY","Kings"
"36047057300","NYC","NY","Kings"
"36047057400","NYC","NY","Kings"
"36047057500","NYC","NY","Kings"
"36047057600","NYC","NY","Kings"
"36047057800","NYC","NY","Kings"
"36047057900","NYC","NY","Kings"
"36047058000","NYC","NY","Kings"
"36047058200","NYC","NY","Kings"
"36047058900","NYC","NY","Kings"
"36047059100","NYC","NY","Kings"
"36047059300","NYC","NY","Kings"
"36047063200","NYC","NY","Kings"
"36047063600","NYC","NY","Kings"
"36047063800","NYC","NY","Kings"
"36047064000","NYC","NY","Kings"
"36047064200","NYC","NY","Kings"
"36047064400","NYC","NY","Kings"
"36047064600","NYC","NY","Kings"
"36047064800","NYC","NY","Kings"
"36047065000","NYC","NY","Kings"
"36047065200","NYC","NY","Kings"
"36047065400","NYC","NY","Kings"
"36047065600","NYC","NY","Kings"
"36047065800","NYC","NY","Kings"
"36047066000","NYC","NY","Kings"
"36047066200","NYC","NY","Kings"
"36047066600","NYC","NY","Kings"
"36047067000","NYC","NY","Kings"
"36047067200","NYC","NY","Kings"
"36047067400","NYC","NY","Kings"
"36047067600","NYC","NY","Kings"
"36047067800","NYC","NY","Kings"
"36047068000","NYC","NY","Kings"
"36047068200","NYC","NY","Kings"
"36047068600","NYC","NY","Kings"
"36047068800","NYC","NY","Kings"
"36047069000","NYC","NY","Kings"
"36047069200","NYC","NY","Kings"
"36047069601","NYC","NY","Kings"
"36047069602","NYC","NY","Kings"
"36047069800","NYC","NY","Kings"
"36047070000","NYC","NY","Kings"
"36047070201","NYC","NY","Kings"
"36047070202","NYC","NY","Kings"
"36047070600","NYC","NY","Kings"
"36047072000","NYC","NY","Kings"
"36047072200","NYC","NY","Kings"
"36047072400","NYC","NY","Kings"
"36047072600","NYC","NY","Kings"
"36047072800","NYC","NY","Kings"
"36047073000","NYC","NY","Kings"
"36047073200","NYC","NY","Kings"
"36047073400","NYC","NY","Kings"
"36047073600","NYC","NY","Kings"
"36047073800","NYC","NY","Kings"
"36047074000","NYC","NY","Kings"
"36047074200","NYC","NY","Kings"
"36047074400","NYC","NY","Kings"
"36047074600","NYC","NY","Kings"
"36047074800","NYC","NY","Kings"
"36047075000","NYC","NY","Kings"
"36047075200","NYC","NY","Kings"
"36047075400","NYC","NY","Kings"
"36047075600","NYC","NY","Kings"
"36047075800","NYC","NY","Kings"
"36047076000","NYC","NY","Kings"
"36047076200","NYC","NY","Kings"
"36047076400","NYC","NY","Kings"
"36047076600","NYC","NY","Kings"
"36047076800","NYC","NY","Kings"
"36047077000","NYC","NY","Kings"
"36047077200","NYC","NY","Kings"
"36047077400","NYC","NY","Kings"
"36047077600","NYC","NY","Kings"
"36047078000","NYC","NY","Kings"
"36047078200","NYC","NY","Kings"
"36047078400","NYC","NY","Kings"
"36047078600","NYC","NY","Kings"
"36047078800","NYC","NY","Kings"
"36047079000","NYC","NY","Kings"
"36047079200","NYC","NY","Kings"
"36047079400","NYC","NY","Kings"
"36047079601","NYC","NY","Kings"
"36047079602","NYC","NY","Kings"
"36047079801","NYC","NY","Kings"
"36047079802","NYC","NY","Kings"
"36047080000","NYC","NY","Kings"
"36047080200","NYC","NY","Kings"
"36047080400","NYC","NY","Kings"
"36047080600","NYC","NY","Kings"
"36047080800","NYC","NY","Kings"
"36047081000","NYC","NY","Kings"
"36047081400","NYC","NY","Kings"
"36047081600","NYC","NY","Kings"
"36047081800","NYC","NY","Kings"
"36047082000","NYC","NY","Kings"
"36047082200","NYC","NY","Kings"
"36047082400","NYC","NY","Kings"
"36047082600","NYC","NY","Kings"
"36047082800","NYC","NY","Kings"
"36047083000","NYC","NY","Kings"
"36047083200","NYC","NY","Kings"
"36047083400","NYC","NY","Kings"
"36047083600","NYC","NY","Kings"
"36047083800","NYC","NY","Kings"
"36047084000","NYC","NY","Kings"
"36047084600","NYC","NY","Kings"
"36047084800","NYC","NY","Kings"
"36047085000","NYC","NY","Kings"
"36047085200","NYC","NY","Kings"
"36047085400","NYC","NY","Kings"
"36047085600","NYC","NY","Kings"
"36047085800","NYC","NY","Kings"
"36047086000","NYC","NY","Kings"
"36047086200","NYC","NY","Kings"
"36047086400","NYC","NY","Kings"
"36047086600","NYC","NY","Kings"
"36047086800","NYC","NY","Kings"
"36047087000","NYC","NY","Kings"
"36047087200","NYC","NY","Kings"
"36047087401","NYC","NY","Kings"
"36047087600","NYC","NY","Kings"
"36047087800","NYC","NY","Kings"
"36047088000","NYC","NY","Kings"
"36047088200","NYC","NY","Kings"
"36047088400","NYC","NY","Kings"
"36047088600","NYC","NY","Kings"
"36047088800","NYC","NY","Kings"
"36047089000","NYC","NY","Kings"
"36047089200","NYC","NY","Kings"
"36047089400","NYC","NY","Kings"
"36047089600","NYC","NY","Kings"
"36047089800","NYC","NY","Kings"
"36047090000","NYC","NY","Kings"
"36047090200","NYC","NY","Kings"
"36047090600","NYC","NY","Kings"
"36047090800","NYC","NY","Kings"
"36047091000","NYC","NY","Kings"
"36047091200","NYC","NY","Kings"
"36047091600","NYC","NY","Kings"
"36047091800","NYC","NY","Kings"
"36047092000","NYC","NY","Kings"
"36047092200","NYC","NY","Kings"
"36047092400","NYC","NY","Kings"
"36047092800","NYC","NY","Kings"
"36047093000","NYC","NY","Kings"
"36047093200","NYC","NY","Kings"
"36047093400","NYC","NY","Kings"
"36047093600","NYC","NY","Kings"
"36047093800","NYC","NY","Kings"
"36047094401","NYC","NY","Kings"
"36047094402","NYC","NY","Kings"
"36047094600","NYC","NY","Kings"
"36047095000","NYC","NY","Kings"
"36047095400","NYC","NY","Kings"
"36047095600","NYC","NY","Kings"
"36047095800","NYC","NY","Kings"
"36047096000","NYC","NY","Kings"
"36047096200","NYC","NY","Kings"
"36047096400","NYC","NY","Kings"
"36047096600","NYC","NY","Kings"
"36047096800","NYC","NY","Kings"
"36047097000","NYC","NY","Kings"
"36047097400","NYC","NY","Kings"
"36047098200","NYC","NY","Kings"
"36047098400","NYC","NY","Kings"
"36047098600","NYC","NY","Kings"
"36047098800","NYC","NY","Kings"
"36047099000","NYC","NY","Kings"
"36047099200","NYC","NY","Kings"
"36047099400","NYC","NY","Kings"
"36047099600","NYC","NY","Kings"
"36047099800","NYC","NY","Kings"
"36047100400","NYC","NY","Kings"
"36047100600","NYC","NY","Kings"
"36047100800","NYC","NY","Kings"
"36047101000","NYC","NY","Kings"
"36047101200","NYC","NY","Kings"
"36047101400","NYC","NY","Kings"
"36047101600","NYC","NY","Kings"
"36047101800","NYC","NY","Kings"
"36047102000","NYC","NY","Kings"
"36047102200","NYC","NY","Kings"
"36047102400","NYC","NY","Kings"
"36047102600","NYC","NY","Kings"
"36047102800","NYC","NY","Kings"
"36047103400","NYC","NY","Kings"
"36047105801","NYC","NY","Kings"
"36047105804","NYC","NY","Kings"
"36047107000","NYC","NY","Kings"
"36047107800","NYC","NY","Kings"
"36047109800","NYC","NY","Kings"
"36047110400","NYC","NY","Kings"
"36047110600","NYC","NY","Kings"
"36047111000","NYC","NY","Kings"
"36047111600","NYC","NY","Kings"
"36047111800","NYC","NY","Kings"
"36047112000","NYC","NY","Kings"
"36047112200","NYC","NY","Kings"
"36047112400","NYC","NY","Kings"
"36047112600","NYC","NY","Kings"
"36047112800","NYC","NY","Kings"
"36047113000","NYC","NY","Kings"
"36047113200","NYC","NY","Kings"
"36047113400","NYC","NY","Kings"
"36047114201","NYC","NY","Kings"
"36047114202","NYC","NY","Kings"
"36047114400","NYC","NY","Kings"
"36047114600","NYC","NY","Kings"
"36047115000","NYC","NY","Kings"
"36047115200","NYC","NY","Kings"
"36047115600","NYC","NY","Kings"
"36047115800","NYC","NY","Kings"
"36047116000","NYC","NY","Kings"
"36047116200","NYC","NY","Kings"
"36047116400","NYC","NY","Kings"
"36047116600","NYC","NY","Kings"
"36047116800","NYC","NY","Kings"
"36047117000","NYC","NY","Kings"
"36047117201","NYC","NY","Kings"
"36047117202","NYC","NY","Kings"
"36047117400","NYC","NY","Kings"
"36047117601","NYC","NY","Kings"
"36047117602","NYC","NY","Kings"
"36047117800","NYC","NY","Kings"
"36047118000","NYC","NY","Kings"
"36047118201","NYC","NY","Kings"
"36047118202","NYC","NY","Kings"
"36047118400","NYC","NY","Kings"
"36047118600","NYC","NY","Kings"
"36047118800","NYC","NY","Kings"
"36047119000","NYC","NY","Kings"
"36047119200","NYC","NY","Kings"
"36047119400","NYC","NY","Kings"
"36047119600","NYC","NY","Kings"
"36047119800","NYC","NY","Kings"
"36047120000","NYC","NY","Kings"
"36047120200","NYC","NY","Kings"
"36047120800","NYC","NY","Kings"
"36047121000","NYC","NY","Kings"
"36047121400","NYC","NY","Kings"
"36047122000","NYC","NY","Kings"
"36047123700","NYC","NY","Kings"
"36047150200","NYC","NY","Kings"
"36047152200","NYC","NY","Kings"
"36061000201","NYC","NY","New York"
"36061000202","NYC","NY","New York"
"36061000500","NYC","NY","New York"
"36061000600","NYC","NY","New York"
"36061000700","NYC","NY","New York"
"36061000800","NYC","NY","New York"
"36061000900","NYC","NY","New York"
"36061001001","NYC","NY","New York"
"36061001002","NYC","NY","New York"
"36061001200","NYC","NY","New York"
"36061001300","NYC","NY","New York"
"36061001401","NYC","NY","New York"
"36061001402","NYC","NY","New York"
"36061001501","NYC","NY","New York"
"36061001502","NYC","NY","New York"
"36061001600","NYC","NY","New York"
"36061001800","NYC","NY","New York"
"36061002000","NYC","NY","New York"
"36061002100","NYC","NY","New York"
"36061002201","NYC","NY","New York"
"36061002202","NYC","NY","New York"
"36061002400","NYC","NY","New York"
"36061002500","NYC","NY","New York"
"36061002601","NYC","NY","New York"
"36061002602","NYC","NY","New York"
"36061002700","NYC","NY","New York"
"36061002800","NYC","NY","New York"
"36061002900","NYC","NY","New York"
"36061003001","NYC","NY","New York"
"36061003002","NYC","NY","New York"
"36061003100","NYC","NY","New York"
"36061003200","NYC","NY","New York"
"36061003300","NYC","NY","New York"
"36061003400","NYC","NY","New York"
"36061003601","NYC","NY","New York"
"36061003602","NYC","NY","New York"
"36061003700","NYC","NY","New York"
"36061003800","NYC","NY","New York"
"36061003900","NYC","NY","New York"
"36061004000","NYC","NY","New York"
"36061004100","NYC","NY","New York"
"36061004200","NYC","NY","New York"
"36061004300","NYC","NY","New York"
"36061004400","NYC","NY","New York"
"36061004500","NYC","NY","New York"
"36061004700","NYC","NY","New York"
"36061004800","NYC","NY","New York"
"36061004900","NYC","NY","New York"
"36061005000","NYC","NY","New York"
"36061005200","NYC","NY","New York"
"36061005400","NYC","NY","New York"
"36061005501","NYC","NY","New York"
"36061005502","NYC","NY","New York"
"36061005600","NYC","NY","New York"
"36061005700","NYC","NY","New York"
"36061005800","NYC","NY","New York"
"36061005900","NYC","NY","New York"
"36061006000","NYC","NY","New York"
"36061006100","NYC","NY","New York"
"36061006200","NYC","NY","New York"
"36061006300","NYC","NY","New York"
"36061006400","NYC","NY","New York"
"36061006500","NYC","NY","New York"
"36061006600","NYC","NY","New York"
"36061006700","NYC","NY","New York"
"36061006800","NYC","NY","New York"
"36061006900","NYC","NY","New York"
"36061007000","NYC","NY","New York"
"36061007100","NYC","NY","New York"
"36061007200","NYC","NY","New York"
"36061007300","NYC","NY","New York"
"36061007400","NYC","NY","New York"
"36061007500","NYC","NY","New York"
"36061007600","NYC","NY","New York"
"36061007700","NYC","NY","New York"
"36061007800","NYC","NY","New York"
"36061007900","NYC","NY","New York"
"36061008000","NYC","NY","New York"
"36061008100","NYC","NY","New York"
"36061008200","NYC","NY","New York"
"36061008300","NYC","NY","New York"
"36061008400","NYC","NY","New York"
"36061008601","NYC","NY","New York"
"36061008602","NYC","NY","New York"
"36061008603","NYC","NY","New York"
"36061008700","NYC","NY","New York"
"36061008800","NYC","NY","New York"
"36061008900","NYC","NY","New York"
"36061009000","NYC","NY","New York"
"36061009100","NYC","NY","New York"
"36061009200","NYC","NY","New York"
"36061009300","NYC","NY","New York"
"36061009400","NYC","NY","New York"
"36061009500","NYC","NY","New York"
"36061009600","NYC","NY","New York"
"36061009700","NYC","NY","New York"
"36061009800","NYC","NY","New York"
"36061009900","NYC","NY","New York"
"36061010000","NYC","NY","New York"
"36061010100","NYC","NY","New York"
"36061010200","NYC","NY","New York"
"36061010300","NYC","NY","New York"
"36061010400","NYC","NY","New York"
"36061010601","NYC","NY","New York"
"36061010602","NYC","NY","New York"
"36061010800","NYC","NY","New York"
"36061010900","NYC","NY","New York"
"36061011000","NYC","NY","New York"
"36061011100","NYC","NY","New York"
"36061011201","NYC","NY","New York"
"36061011202","NYC","NY","New York"
"36061011203","NYC","NY","New York"
"36061011300","NYC","NY","New York"
"36061011401","NYC","NY","New York"
"36061011402","NYC","NY","New York"
"36061011500","NYC","NY","New York"
"36061011600","NYC","NY","New York"
"36061011700","NYC","NY","New York"
"36061011800","NYC","NY","New York"
"36061011900","NYC","NY","New York"
"36061012000","NYC","NY","New York"
"36061012100","NYC","NY","New York"
"36061012200","NYC","NY","New York"
"36061012400","NYC","NY","New York"
"36061012500","NYC","NY","New York"
"36061012600","NYC","NY","New York"
"36061012700","NYC","NY","New York"
"36061012800","NYC","NY","New York"
"36061012900","NYC","NY","New York"
"36061013000","NYC","NY","New York"
"36061013100","NYC","NY","New York"
"36061013200","NYC","NY","New York"
"36061013300","NYC","NY","New York"
"36061013400","NYC","NY","New York"
"36061013500","NYC","NY","New York"
"36061013600","NYC","NY","New York"
"36061013700","NYC","NY","New York"
"36061013800","NYC","NY","New York"
"36061013900","NYC","NY","New York"
"36061014000","NYC","NY","New York"
"36061014200","NYC","NY","New York"
"36061014300","NYC","NY","New York"
"36061014401","NYC","NY","New York"
"36061014402","NYC","NY","New York"
"36061014500","NYC","NY","New York"
"36061014601","NYC","NY","New York"
"36061014602","NYC","NY","New York"
"36061014700","NYC","NY","New York"
"36061014801","NYC","NY","New York"
"36061014802","NYC","NY","New York"
"36061014900","NYC","NY","New York"
"36061015001","NYC","NY","New York"
"36061015002","NYC","NY","New York"
"36061015100","NYC","NY","New York"
"36061015200","NYC","NY","New York"
"36061015300","NYC","NY","New York"
"36061015400","NYC","NY","New York"
"36061015500","NYC","NY","New York"
"36061015601","NYC","NY","New York"
"36061015602","NYC","NY","New York"
"36061015700","NYC","NY","New York"
"36061015801","NYC","NY","New York"
"36061015802","NYC","NY","New York"
"36061015900","NYC","NY","New York"
"36061016001","NYC","NY","New York"
"36061016002","NYC","NY","New York"
"36061016100","NYC","NY","New York"
"36061016200","NYC","NY","New York"
"36061016300","NYC","NY","New York"
"36061016400","NYC","NY","New York"
"36061016500","NYC","NY","New York"
"36061016600","NYC","NY","New York"
"36061016700","NYC","NY","New York"
"36061016800","NYC","NY","New York"
"36061016900","NYC","NY","New York"
"36061017000","NYC","NY","New York"
"36061017100","NYC","NY","New York"
"36061017200","NYC","NY","New York"
"36061017300","NYC","NY","New York"
"36061017401","NYC","NY","New York"
"36061017402","NYC","NY","New York"
"36061017500","NYC","NY","New York"
"36061017700","NYC","NY","New York"
"36061017800","NYC","NY","New York"
"36061017900","NYC","NY","New York"
"36061018000","NYC","NY","New York"
"36061018100","NYC","NY","New York"
"36061018200","NYC","NY","New York"
"36061018300","NYC","NY","New York"
"36061018400","NYC","NY","New York"
"36061018500","NYC","NY","New York"
"36061018600","NYC","NY","New York"
"36061018700","NYC","NY","New York"
"36061018800","NYC","NY","New York"
"36061018900","NYC","NY","New York"
"36061019000","NYC","NY","New York"
"36061019100","NYC","NY","New York"
"36061019200","NYC","NY","New York"
"36061019300","NYC","NY","New York"
"36061019400","NYC","NY","New York"
"36061019500","NYC","NY","New York"
"36061019600","NYC","NY","New York"
"36061019701","NYC","NY","New York"
"36061019702","NYC","NY","New York"
"36061019800","NYC","NY","New York"
"36061019900","NYC","NY","New York"
"36061020000","NYC","NY","New York"
"36061020101","NYC","NY","New York"
"36061020102","NYC","NY","New York"
"36061020300","NYC","NY","New York"
"36061020500","NYC","NY","New York"
"36061020600","NYC","NY","New York"
"36061020701","NYC","NY","New York"
"36061020800","NYC","NY","New York"
"36061020901","NYC","NY","New York"
"36061021000","NYC","NY","New York"
"36061021100","NYC","NY","New York"
"36061021200","NYC","NY","New York"
"36061021303","NYC","NY","New York"
"36061021400","NYC","NY","New York"
"36061021500","NYC","NY","New York"
"36061021600","NYC","NY","New York"
"36061021703","NYC","NY","New York"
"36061021800","NYC","NY","New York"
"36061021900","NYC","NY","New York"
"36061022000","NYC","NY","New York"
"36061022102","NYC","NY","New York"
"36061022200","NYC","NY","New York"
"36061022301","NYC","NY","New York"
"36061022302","NYC","NY","New York"
"36061022400","NYC","NY","New York"
"36061022500","NYC","NY","New York"
"36061022600","NYC","NY","New York"
"36061022700","NYC","NY","New York"
"36061022800","NYC","NY","New York"
"36061022900","NYC","NY","New York"
"36061023000","NYC","NY","New York"
"36061023100","NYC","NY","New York"
"36061023200","NYC","NY","New York"
"36061023300","NYC","NY","New York"
"36061023400","NYC","NY","New York"
"36061023501","NYC","NY","New York"
"36061023502","NYC","NY","New York"
"36061023600","NYC","NY","New York"
"36061023700","NYC","NY","New York"
"36061023801","NYC","NY","New York"
"36061023802","NYC","NY","New York"
"36061023900","NYC","NY","New York"
"36061024000","NYC","NY","New York"
"36061024100","NYC","NY","New York"
"36061024200","NYC","NY","New York"
"36061024301","NYC","NY","New York"
"36061024302","NYC","NY","New York"
"36061024500","NYC","NY","New York"
"36061024700","NYC","NY","New York"
"36061024900","NYC","NY","New York"
"36061025100","NYC","NY","New York"
"36061025300","NYC","NY","New York"
"36061025500","NYC","NY","New York"
"36061025700","NYC","NY","New York"
"36061025900","NYC","NY","New York"
"36061026100","NYC","NY","New York"
"36061026300","NYC","NY","New York"
"36061026500","NYC","NY","New York"
"36061026700","NYC","NY","New York"
"36061026900","NYC","NY","New York"
"36061027100","NYC","NY","New York"
"36061027300","NYC","NY","New York"
"36061027500","NYC","NY","New York"
"36061027700","NYC","NY","New York"
"36061027900","NYC","NY","New York"
"36061028100","NYC","NY","New York"
"36061028300","NYC","NY","New York"
"36061028500","NYC","NY","New York"
"36061028700","NYC","NY","New York"
"36061029100","NYC","NY","New York"
"36061029300","NYC","NY","New York"
"36061029500","NYC","NY","New York"
"36061029700","NYC","NY","New York"
"36061029900","NYC","NY","New York"
"36061030300","NYC","NY","New York"
"36061030700","NYC","NY","New York"
"36061030900","NYC","NY","New York"
"36061031100","NYC","NY","New York"
"36061031703","NYC","NY","New York"
"36061031704","NYC","NY","New York"
"36061031900","NYC","NY","New York"
"36081000100","NYC","NY","Queens"
"36081000200","NYC","NY","Queens"
"36081000400","NYC","NY","Queens"
"36081000600","NYC","NY","Queens"
"36081000700","NYC","NY","Queens"
"36081000800","NYC","NY","Queens"
"36081001000","NYC","NY","Queens"
"36081001200","NYC","NY","Queens"
"36081001400","NYC","NY","Queens"
"36081001600","NYC","NY","Queens"
"36081001800","NYC","NY","Queens"
"36081001900","NYC","NY","Queens"
"36081002000","NYC","NY","Queens"
"36081002200","NYC","NY","Queens"
"36081002400","NYC","NY","Queens"
"36081002500","NYC","NY","Queens"
"36081002600","NYC","NY","Queens"
"36081002800","NYC","NY","Queens"
"36081003000","NYC","NY","Queens"
"36081003100","NYC","NY","Queens"
"36081003200","NYC","NY","Queens"
"36081003300","NYC","NY","Queens"
"36081003400","NYC","NY","Queens"
"36081003600","NYC","NY","Queens"
"36081003700","NYC","NY","Queens"
"36081003800","NYC","NY","Queens"
"36081003900","NYC","NY","Queens"
"36081004001","NYC","NY","Queens"
"36081004002","NYC","NY","Queens"
"36081004200","NYC","NY","Queens"
"36081004300","NYC","NY","Queens"
"36081004401","NYC","NY","Queens"
"36081004500","NYC","NY","Queens"
"36081004700","NYC","NY","Queens"
"36081005000","NYC","NY","Queens"
"36081005100","NYC","NY","Queens"
"36081005200","NYC","NY","Queens"
"36081005300","NYC","NY","Queens"
"36081005400","NYC","NY","Queens"
"36081005500","NYC","NY","Queens"
"36081005700","NYC","NY","Queens"
"36081005800","NYC","NY","Queens"
"36081005900","NYC","NY","Queens"
"36081006100","NYC","NY","Queens"
"36081006201","NYC","NY","Queens"
"36081006202","NYC","NY","Queens"
"36081006300","NYC","NY","Queens"
"36081006501","NYC","NY","Queens"
"36081006502","NYC","NY","Queens"
"36081006900","NYC","NY","Queens"
"36081007100","NYC","NY","Queens"
"36081007300","NYC","NY","Queens"
"36081007500","NYC","NY","Queens"
"36081007700","NYC","NY","Queens"
"36081007900","NYC","NY","Queens"
"36081008100","NYC","NY","Queens"
"36081008300","NYC","NY","Queens"
"36081008500","NYC","NY","Queens"
"36081008600","NYC","NY","Queens"
"36081008700","NYC","NY","Queens"
"36081008800","NYC","NY","Queens"
"36081009100","NYC","NY","Queens"
"36081009400","NYC","NY","Queens"
"36081009500","NYC","NY","Queens"
"36081009600","NYC","NY","Queens"
"36081009700","NYC","NY","Queens"
"36081009800","NYC","NY","Queens"
"36081009900","NYC","NY","Queens"
"36081010000","NYC","NY","Queens"
"36081010100","NYC","NY","Queens"
"36081010200","NYC","NY","Queens"
"36081010300","NYC","NY","Queens"
"36081010400","NYC","NY","Queens"
"36081010500","NYC","NY","Queens"
"36081010600","NYC","NY","Queens"
"36081010701","NYC","NY","Queens"
"36081010800","NYC","NY","Queens"
"36081011000","NYC","NY","Queens"
"36081011100","NYC","NY","Queens"
"36081011200","NYC","NY","Queens"
"36081011300","NYC","NY","Queens"
"36081011400","NYC","NY","Queens"
"36081011500","NYC","NY","Queens"
"36081011600","NYC","NY","Queens"
"36081011700","NYC","NY","Queens"
"36081011800","NYC","NY","Queens"
"36081011900","NYC","NY","Queens"
"36081012000","NYC","NY","Queens"
"36081012100","NYC","NY","Queens"
"36081012200","NYC","NY","Queens"
"36081012301","NYC","NY","Queens"
"36081012400","NYC","NY","Queens"
"36081012500","NYC","NY","Queens"
"36081012601","NYC","NY","Queens"
"36081012602","NYC","NY","Queens"
"36081012800","NYC","NY","Queens"
"36081013000","NYC","NY","Queens"
"36081013200","NYC","NY","Queens"
"36081013400","NYC","NY","Queens"
"36081013500","NYC","NY","Queens"
"36081013600","NYC","NY","Queens"
"36081013700","NYC","NY","Queens"
"36081013800","NYC","NY","Queens"
"36081014000","NYC","NY","Queens"
"36081014100","NYC","NY","Queens"
"36081014201","NYC","NY","Queens"
"36081014202","NYC","NY","Queens"
"36081014300","NYC","NY","Queens"
"36081014400","NYC","NY","Queens"
"36081014500","NYC","NY","Queens"
"36081014700","NYC","NY","Queens"
"36081014800","NYC","NY","Queens"
"36081014900","NYC","NY","Queens"
"36081015000","NYC","NY","Queens"
"36081015100","NYC","NY","Queens"
"36081015200","NYC","NY","Queens"
"36081015300","NYC","NY","Queens"
"36081015400","NYC","NY","Queens"
"36081015500","NYC","NY","Queens"
"36081015600","NYC","NY","Queens"
"36081015700","NYC","NY","Queens"
"36081015801","NYC","NY","Queens"
"36081015802","NYC","NY","Queens"
"36081015900","NYC","NY","Queens"
"36081016100","NYC","NY","Queens"
"36081016300","NYC","NY","Queens"
"36081016400","NYC","NY","Queens"
"36081016600","NYC","NY","Queens"
"36081016800","NYC","NY","Queens"
"36081016900","NYC","NY","Queens"
"36081017000","NYC","NY","Queens"
"36081017100","NYC","NY","Queens"
"36081017200","NYC","NY","Queens"
"36081017400","NYC","NY","Queens"
"36081017600","NYC","NY","Queens"
"36081017800","NYC","NY","Queens"
"36081017900","NYC","NY","Queens"
"36081018000","NYC","NY","Queens"
"36081018101","NYC","NY","Queens"
"36081018102","NYC","NY","Queens"
"36081018200","NYC","NY","Queens"
"36081018300","NYC","NY","Queens"
"36081018401","NYC","NY","Queens"
"36081018402","NYC","NY","Queens"
"36081018501","NYC","NY","Queens"
"36081018502","NYC","NY","Queens"
"36081018600","NYC","NY","Queens"
"36081018700","NYC","NY","Queens"
"36081018800","NYC","NY","Queens"
"36081018900","NYC","NY","Queens"
"36081019000","NYC","NY","Queens"
"36081019200","NYC","NY","Queens"
"36081019400","NYC","NY","Queens"
"36081019600","NYC","NY","Queens"
"36081019800","NYC","NY","Queens"
"36081019900","NYC","NY","Queens"
"36081020200","NYC","NY","Queens"
"36081020400","NYC","NY","Queens"
"36081020500","NYC","NY","Queens"
"36081020600","NYC","NY","Queens"
"36081020800","NYC","NY","Queens"
"36081021200","NYC","NY","Queens"
"36081021400","NYC","NY","Queens"
"36081021600","NYC","NY","Queens"
"36081021900","NYC","NY","Queens"
"36081022001","NYC","NY","Queens"
"36081022002","NYC","NY","Queens"
"36081022900","NYC","NY","Queens"
"36081023000","NYC","NY","Queens"
"36081023200","NYC","NY","Queens"
"36081023500","NYC","NY","Queens"
"36081023600","NYC","NY","Queens"
"36081023800","NYC","NY","Queens"
"36081024000","NYC","NY","Queens"
"36081024300","NYC","NY","Queens"
"36081024500","NYC","NY","Queens"
"36081024600","NYC","NY","Queens"
"36081024700","NYC","NY","Queens"
"36081024900","NYC","NY","Queens"
"36081025100","NYC","NY","Queens"
"36081025301","NYC","NY","Queens"
"36081025302","NYC","NY","Queens"
"36081025400","NYC","NY","Queens"
"36081025500","NYC","NY","Queens"
"36081025700","NYC","NY","Queens"
"36081025800","NYC","NY","Queens"
"36081025900","NYC","NY","Queens"
"36081026000","NYC","NY","Queens"
"36081026100","NYC","NY","Queens"
"36081026200","NYC","NY","Queens"
"36081026300","NYC","NY","Queens"
"36081026400","NYC","NY","Queens"
"36081026500","NYC","NY","Queens"
"36081026600","NYC","NY","Queens"
"36081026700","NYC","NY","Queens"
"36081026901","NYC","NY","Queens"
"36081026902","NYC","NY","Queens"
"36081027000","NYC","NY","Queens"
"36081027100","NYC","NY","Queens"
"36081027200","NYC","NY","Queens"
"36081027300","NYC","NY","Queens"
"36081027400","NYC","NY","Queens"
"36081027500","NYC","NY","Queens"
"36081027600","NYC","NY","Queens"
"36081027700","NYC","NY","Queens"
"36081027800","NYC","NY","Queens"
"36081027900","NYC","NY","Queens"
"36081028000","NYC","NY","Queens"
"36081028100","NYC","NY","Queens"
"36081028200","NYC","NY","Queens"
"36081028300","NYC","NY","Queens"
"36081028400","NYC","NY","Queens"
"36081028500","NYC","NY","Queens"
"36081028700","NYC","NY","Queens"
"36081028800","NYC","NY","Queens"
"36081028900","NYC","NY","Queens"
"36081029100","NYC","NY","Queens"
"36081029300","NYC","NY","Queens"
"36081029400","NYC","NY","Queens"
"36081029500","NYC","NY","Queens"
"36081029700","NYC","NY","Queens"
"36081029900","NYC","NY","Queens"
"36081030600","NYC","NY","Queens"
"36081030902","NYC","NY","Queens"
"36081030903","NYC","NY","Queens"
"36081030904","NYC","NY","Queens"
"36081031700","NYC","NY","Queens"
"36081032000","NYC","NY","Queens"
"36081032700","NYC","NY","Queens"
"36081032800","NYC","NY","Queens"
"36081032900","NYC","NY","Queens"
"36081033000","NYC","NY","Queens"
"36081033100","NYC","NY","Queens"
"36081033401","NYC","NY","Queens"
"36081033402","NYC","NY","Queens"
"36081033700","NYC","NY","Queens"
"36081033900","NYC","NY","Queens"
"36081034700","NYC","NY","Queens"
"36081035100","NYC","NY","Queens"
"36081035200","NYC","NY","Queens"
"36081035300","NYC","NY","Queens"
"36081035700","NYC","NY","Queens"
"36081035800","NYC","NY","Queens"
"36081036100","NYC","NY","Queens"
"36081036300","NYC","NY","Queens"
"36081036500","NYC","NY","Queens"
"36081036600","NYC","NY","Queens"
"36081036700","NYC","NY","Queens"
"36081036800","NYC","NY","Queens"
"36081037100","NYC","NY","Queens"
"36081037300","NYC","NY","Queens"
"36081037500","NYC","NY","Queens"
"36081037600","NYC","NY","Queens"
"36081037700","NYC","NY","Queens"
"36081037900","NYC","NY","Queens"
"36081038100","NYC","NY","Queens"
"36081038301","NYC","NY","Queens"
"36081038302","NYC","NY","Queens"
"36081038400","NYC","NY","Queens"
"36081039400","NYC","NY","Queens"
"36081039800","NYC","NY","Queens"
"36081039900","NYC","NY","Queens"
"36081040000","NYC","NY","Queens"
"36081040100","NYC","NY","Queens"
"36081040200","NYC","NY","Queens"
"36081040300","NYC","NY","Queens"
"36081040400","NYC","NY","Queens"
"36081040500","NYC","NY","Queens"
"36081040700","NYC","NY","Queens"
"36081040900","NYC","NY","Queens"
"36081041100","NYC","NY","Queens"
"36081041300","NYC","NY","Queens"
"36081041400","NYC","NY","Queens"
"36081041500","NYC","NY","Queens"
"36081042400","NYC","NY","Queens"
"36081042600","NYC","NY","Queens"
"36081042700","NYC","NY","Queens"
"36081043200","NYC","NY","Queens"
"36081043400","NYC","NY","Queens"
"36081043701","NYC","NY","Queens"
"36081043702","NYC","NY","Queens"
"36081043900","NYC","NY","Queens"
"36081044000","NYC","NY","Queens"
"36081044301","NYC","NY","Queens"
"36081044302","NYC","NY","Queens"
"36081044400","NYC","NY","Queens"
"36081044601","NYC","NY","Queens"
"36081044602","NYC","NY","Queens"
"36081044800","NYC","NY","Queens"
"36081045000","NYC","NY","Queens"
"36081045200","NYC","NY","Queens"
"36081045400","NYC","NY","Queens"
"36081045500","NYC","NY","Queens"
"36081045600","NYC","NY","Queens"
"36081045700","NYC","NY","Queens"
"36081045800","NYC","NY","Queens"
"36081045900","NYC","NY","Queens"
"36081046000","NYC","NY","Queens"
"36081046100","NYC","NY","Queens"
"36081046200","NYC","NY","Queens"
"36081046300","NYC","NY","Queens"
"36081046400","NYC","NY","Queens"
"36081046500","NYC","NY","Queens"
"36081046600","NYC","NY","Queens"
"36081046700","NYC","NY","Queens"
"36081046800","NYC","NY","Queens"
"36081046900","NYC","NY","Queens"
"36081047000","NYC","NY","Queens"
"36081047100","NYC","NY","Queens"
"36081047200","NYC","NY","Queens"
"36081047300","NYC","NY","Queens"
"36081047500","NYC","NY","Queens"
"36081047600","NYC","NY","Queens"
"36081047800","NYC","NY","Queens"
"36081047900","NYC","NY","Queens"
"36081048000","NYC","NY","Queens"
"36081048100","NYC","NY","Queens"
"36081048200","NYC","NY","Queens"
"36081048300","NYC","NY","Queens"
"36081048400","NYC","NY","Queens"
"36081048500","NYC","NY","Queens"
"36081048900","NYC","NY","Queens"
"36081049200","NYC","NY","Queens"
"36081049301","NYC","NY","Queens"
"36081049302","NYC","NY","Queens"
"36081049500","NYC","NY","Queens"
"36081049600","NYC","NY","Queens"
"36081049700","NYC","NY","Queens"
"36081049900","NYC","NY","Queens"
"36081050000","NYC","NY","Queens"
"36081050201","NYC","NY","Queens"
"36081050202","NYC","NY","Queens"
"36081050400","NYC","NY","Queens"
"36081050500","NYC","NY","Queens"
"36081050600","NYC","NY","Queens"
"36081050700","NYC","NY","Queens"
"36081050800","NYC","NY","Queens"
"36081051000","NYC","NY","Queens"
"36081051100","NYC","NY","Queens"
"36081051200","NYC","NY","Queens"
"36081051300","NYC","NY","Queens"
"36081051500","NYC","NY","Queens"
"36081051600","NYC","NY","Queens"
"36081051700","NYC","NY","Queens"
"36081051800","NYC","NY","Queens"
"36081052000","NYC","NY","Queens"
"36081052100","NYC","NY","Queens"
"36081052200","NYC","NY","Queens"
"36081052400","NYC","NY","Queens"
"36081052500","NYC","NY","Queens"
"36081052600","NYC","NY","Queens"
"36081052800","NYC","NY","Queens"
"36081053000","NYC","NY","Queens"
"36081053100","NYC","NY","Queens"
"36081053200","NYC","NY","Queens"
"36081053401","NYC","NY","Queens"
"36081053500","NYC","NY","Queens"
"36081053601","NYC","NY","Queens"
"36081053800","NYC","NY","Queens"
"36081053900","NYC","NY","Queens"
"36081054000","NYC","NY","Queens"
"36081054200","NYC","NY","Queens"
"36081054500","NYC","NY","Queens"
"36081054700","NYC","NY","Queens"
"36081054800","NYC","NY","Queens"
"36081054900","NYC","NY","Queens"
"36081055100","NYC","NY","Queens"
"36081055200","NYC","NY","Queens"
"36081055300","NYC","NY","Queens"
"36081055400","NYC","NY","Queens"
"36081055500","NYC","NY","Queens"
"36081055600","NYC","NY","Queens"
"36081055700","NYC","NY","Queens"
"36081055800","NYC","NY","Queens"
"36081055900","NYC","NY","Queens"
"36081056000","NYC","NY","Queens"
"36081056100","NYC","NY","Queens"
"36081056200","NYC","NY","Queens"
"36081056400","NYC","NY","Queens"
"36081056500","NYC","NY","Queens"
"36081056600","NYC","NY","Queens"
"36081056700","NYC","NY","Queens"
"36081056800","NYC","NY","Queens"
"36081057700","NYC","NY","Queens"
"36081057900","NYC","NY","Queens"
"36081058000","NYC","NY","Queens"
"36081058100","NYC","NY","Queens"
"36081058200","NYC","NY","Queens"
"36081058300","NYC","NY","Queens"
"36081058500","NYC","NY","Queens"
"36081058700","NYC","NY","Queens"
"36081058900","NYC","NY","Queens"
"36081059000","NYC","NY","Queens"
"36081059100","NYC","NY","Queens"
"36081059200","NYC","NY","Queens"
"36081059300","NYC","NY","Queens"
"36081059400","NYC","NY","Queens"
"36081059500","NYC","NY","Queens"
"36081059600","NYC","NY","Queens"
"36081059800","NYC","NY","Queens"
"36081059900","NYC","NY","Queens"
"36081060000","NYC","NY","Queens"
"36081060100","NYC","NY","Queens"
"36081060300","NYC","NY","Queens"
"36081060600","NYC","NY","Queens"
"36081060701","NYC","NY","Queens"
"36081060800","NYC","NY","Queens"
"36081061000","NYC","NY","Queens"
"36081061200","NYC","NY","Queens"
"36081061301","NYC","NY","Queens"
"36081061302","NYC","NY","Queens"
"36081061400","NYC","NY","Queens"
"36081061601","NYC","NY","Queens"
"36081061602","NYC","NY","Queens"
"36081061800","NYC","NY","Queens"
"36081061900","NYC","NY","Queens"
"36081062000","NYC","NY","Queens"
"36081062100","NYC","NY","Queens"
"36081062200","NYC","NY","Queens"
"36081062300","NYC","NY","Queens"
"36081062400","NYC","NY","Queens"
"36081062500","NYC","NY","Queens"
"36081062600","NYC","NY","Queens"
"36081062700","NYC","NY","Queens"
"36081062900","NYC","NY","Queens"
"36081063000","NYC","NY","Queens"
"36081063200","NYC","NY","Queens"
"36081063301","NYC","NY","Queens"
"36081063302","NYC","NY","Queens"
"36081063500","NYC","NY","Queens"
"36081063700","NYC","NY","Queens"
"36081063800","NYC","NY","Queens"
"36081063900","NYC","NY","Queens"
"36081064101","NYC","NY","Queens"
"36081064102","NYC","NY","Queens"
"36081064500","NYC","NY","Queens"
"36081064600","NYC","NY","Queens"
"36081065000","NYC","NY","Queens"
"36081065400","NYC","NY","Queens"
"36081065501","NYC","NY","Queens"
"36081065600","NYC","NY","Queens"
"36081065702","NYC","NY","Queens"
"36081065703","NYC","NY","Queens"
"36081065900","NYC","NY","Queens"
"36081066000","NYC","NY","Queens"
"36081066100","NYC","NY","Queens"
"36081066300","NYC","NY","Queens"
"36081066400","NYC","NY","Queens"
"36081066501","NYC","NY","Queens"
"36081066701","NYC","NY","Queens"
"36081066900","NYC","NY","Queens"
"36081067100","NYC","NY","Queens"
"36081067700","NYC","NY","Queens"
"36081067900","NYC","NY","Queens"
"36081068000","NYC","NY","Queens"
"36081068200","NYC","NY","Queens"
"36081068300","NYC","NY","Queens"
"36081068700","NYC","NY","Queens"
"36081069000","NYC","NY","Queens"
"36081069300","NYC","NY","Queens"
"36081069400","NYC","NY","Queens"
"36081069500","NYC","NY","Queens"
"36081069701","NYC","NY","Queens"
"36081069702","NYC","NY","Queens"
"36081070300","NYC","NY","Queens"
"36081070700","NYC","NY","Queens"
"36081070900","NYC","NY","Queens"
"36081071100","NYC","NY","Queens"
"36081071303","NYC","NY","Queens"
"36081071304","NYC","NY","Queens"
"36081071305","NYC","NY","Queens"
"36081071306","NYC","NY","Queens"
"36081071600","NYC","NY","Queens"
"36081071701","NYC","NY","Queens"
"36081071702","NYC","NY","Queens"
"36081071900","NYC","NY","Queens"
"36081072100","NYC","NY","Queens"
"36081072300","NYC","NY","Queens"
"36081072900","NYC","NY","Queens"
"36081073100","NYC","NY","Queens"
"36081073700","NYC","NY","Queens"
"36081073900","NYC","NY","Queens"
"36081074100","NYC","NY","Queens"
"36081074300","NYC","NY","Queens"
"36081074500","NYC","NY","Queens"
"36081074700","NYC","NY","Queens"
"36081074900","NYC","NY","Queens"
"36081075701","NYC","NY","Queens"
"36081075702","NYC","NY","Queens"
"36081076901","NYC","NY","Queens"
"36081076902","NYC","NY","Queens"
"36081077300","NYC","NY","Queens"
"36081077500","NYC","NY","Queens"
"36081077902","NYC","NY","Queens"
"36081077903","NYC","NY","Queens"
"36081077904","NYC","NY","Queens"
"36081077905","NYC","NY","Queens"
"36081077906","NYC","NY","Queens"
"36081077907","NYC","NY","Queens"
"36081077908","NYC","NY","Queens"
"36081078800","NYC","NY","Queens"
"36081079000","NYC","NY","Queens"
"36081079200","NYC","NY","Queens"
"36081079300","NYC","NY","Queens"
"36081079701","NYC","NY","Queens"
"36081079702","NYC","NY","Queens"
"36081079900","NYC","NY","Queens"
"36081080301","NYC","NY","Queens"
"36081080302","NYC","NY","Queens"
"36081080900","NYC","NY","Queens"
"36081081400","NYC","NY","Queens"
"36081081800","NYC","NY","Queens"
"36081083700","NYC","NY","Queens"
"36081083800","NYC","NY","Queens"
"36081084000","NYC","NY","Queens"
"36081084500","NYC","NY","Queens"
"36081084601","NYC","NY","Queens"
"36081084602","NYC","NY","Queens"
"36081084900","NYC","NY","Queens"
"36081085300","NYC","NY","Queens"
"36081085500","NYC","NY","Queens"
"36081085700","NYC","NY","Queens"
"36081085900","NYC","NY","Queens"
"36081086100","NYC","NY","Queens"
"36081086300","NYC","NY","Queens"
"36081086400","NYC","NY","Queens"
"36081086500","NYC","NY","Queens"
"36081086900","NYC","NY","Queens"
"36081087100","NYC","NY","Queens"
"36081088400","NYC","NY","Queens"
"36081088901","NYC","NY","Queens"
"36081089200","NYC","NY","Queens"
"36081090700","NYC","NY","Queens"
"36081091900","NYC","NY","Queens"
"36081092500","NYC","NY","Queens"
"36081092900","NYC","NY","Queens"
"36081093900","NYC","NY","Queens"
"36081094500","NYC","NY","Queens"
"36081094700","NYC","NY","Queens"
"36081096400","NYC","NY","Queens"
"36081097203","NYC","NY","Queens"
"36081097300","NYC","NY","Queens"
"36081098100","NYC","NY","Queens"
"36081098700","NYC","NY","Queens"
"36081099100","NYC","NY","Queens"
"36081099200","NYC","NY","Queens"
"36081099701","NYC","NY","Queens"
"36081099703","NYC","NY","Queens"
"36081099704","NYC","NY","Queens"
"36081099705","NYC","NY","Queens"
"36081099801","NYC","NY","Queens"
"36081099900","NYC","NY","Queens"
"36081100801","NYC","NY","Queens"
"36081100802","NYC","NY","Queens"
"36081101001","NYC","NY","Queens"
"36081101002","NYC","NY","Queens"
"36081101700","NYC","NY","Queens"
"36081102900","NYC","NY","Queens"
"36081103201","NYC","NY","Queens"
"36081103202","NYC","NY","Queens"
"36081103300","NYC","NY","Queens"
"36081103900","NYC","NY","Queens"
"36081104700","NYC","NY","Queens"
"36081105900","NYC","NY","Queens"
"36081107201","NYC","NY","Queens"
"36081107202","NYC","NY","Queens"
"36081108500","NYC","NY","Queens"
"36081109300","NYC","NY","Queens"
"36081109700","NYC","NY","Queens"
"36081109900","NYC","NY","Queens"
"36081111300","NYC","NY","Queens"
"36081112300","NYC","NY","Queens"
"36081112900","NYC","NY","Queens"
"36081113300","NYC","NY","Queens"
"36081113900","NYC","NY","Queens"
"36081114100","NYC","NY","Queens"
"36081114700","NYC","NY","Queens"
"36081115100","NYC","NY","Queens"
"36081115500","NYC","NY","Queens"
"36081115700","NYC","NY","Queens"
"36081115900","NYC","NY","Queens"
"36081116100","NYC","NY","Queens"
"36081116300","NYC","NY","Queens"
"36081116700","NYC","NY","Queens"
"36081117100","NYC","NY","Queens"
"36081117500","NYC","NY","Queens"
"36081118100","NYC","NY","Queens"
"36081118500","NYC","NY","Queens"
"36081118700","NYC","NY","Queens"
"36081118900","NYC","NY","Queens"
"36081119100","NYC","NY","Queens"
"36081119300","NYC","NY","Queens"
"36081119500","NYC","NY","Queens"
"36081119900","NYC","NY","Queens"
"36081120100","NYC","NY","Queens"
"36081120300","NYC","NY","Queens"
"36081120500","NYC","NY","Queens"
"36081120700","NYC","NY","Queens"
"36081121100","NYC","NY","Queens"
"36081121500","NYC","NY","Queens"
"36081122300","NYC","NY","Queens"
"36081122701","NYC","NY","Queens"
"36081122702","NYC","NY","Queens"
"36081124100","NYC","NY","Queens"
"36081124700","NYC","NY","Queens"
"36081125700","NYC","NY","Queens"
"36081126500","NYC","NY","Queens"
"36081126700","NYC","NY","Queens"
"36081127700","NYC","NY","Queens"
"36081128300","NYC","NY","Queens"
"36081129102","NYC","NY","Queens"
"36081129103","NYC","NY","Queens"
"36081129104","NYC","NY","Queens"
"36081130100","NYC","NY","Queens"
"36081133300","NYC","NY","Queens"
"36081133900","NYC","NY","Queens"
"36081134100","NYC","NY","Queens"
"36081134700","NYC","NY","Queens"
"36081136700","NYC","NY","Queens"
"36081137700","NYC","NY","Queens"
"36081138501","NYC","NY","Queens"
"36081138502","NYC","NY","Queens"
"36081139900","NYC","NY","Queens"
"36081140300","NYC","NY","Queens"
"36081140901","NYC","NY","Queens"
"36081140902","NYC","NY","Queens"
"36081141700","NYC","NY","Queens"
"36081142900","NYC","NY","Queens"
"36081143500","NYC","NY","Queens"
"36081144100","NYC","NY","Queens"
"36081144700","NYC","NY","Queens"
"36081145101","NYC","NY","Queens"
"36081145102","NYC","NY","Queens"
"36081145900","NYC","NY","Queens"
"36081146300","NYC","NY","Queens"
"36081146700","NYC","NY","Queens"
"36081147100","NYC","NY","Queens"
"36081147900","NYC","NY","Queens"
"36081148300","NYC","NY","Queens"
"36081150701","NYC","NY","Queens"
"36081150702","NYC","NY","Queens"
"36081152901","NYC","NY","Queens"
"36081152902","NYC","NY","Queens"
"36081155101","NYC","NY","Queens"
"36081155102","NYC","NY","Queens"
"36081156700","NYC","NY","Queens"
"36081157101","NYC","NY","Queens"
"36081157102","NYC","NY","Queens"
"36081157901","NYC","NY","Queens"
"36081157902","NYC","NY","Queens"
"36081157903","NYC","NY","Queens"
"36081161700","NYC","NY","Queens"
"36081162100","NYC","NY","Queens"
"36085000300","NYC","NY","Richmond"
"36085000600","NYC","NY","Richmond"
"36085000700","NYC","NY","Richmond"
"36085000800","NYC","NY","Richmond"
"36085000900","NYC","NY","Richmond"
"36085001100","NYC","NY","Richmond"
"36085001700","NYC","NY","Richmond"
"36085001800","NYC","NY","Richmond"
"36085002001","NYC","NY","Richmond"
"36085002002","NYC","NY","Richmond"
"36085002100","NYC","NY","Richmond"
"36085002700","NYC","NY","Richmond"
"36085002900","NYC","NY","Richmond"
"36085003300","NYC","NY","Richmond"
"36085003600","NYC","NY","Richmond"
"36085003900","NYC","NY","Richmond"
"36085004000","NYC","NY","Richmond"
"36085004700","NYC","NY","Richmond"
"36085005000","NYC","NY","Richmond"
"36085005900","NYC","NY","Richmond"
"36085006400","NYC","NY","Richmond"
"36085006700","NYC","NY","Richmond"
"36085007500","NYC","NY","Richmond"
"36085007700","NYC","NY","Richmond"
"36085008100","NYC","NY","Richmond"
"36085009601","NYC","NY","Richmond"
"36085009700","NYC","NY","Richmond"
"36085010500","NYC","NY","Richmond"
"36085012100","NYC","NY","Richmond"
"36085012500","NYC","NY","Richmond"
"36085013301","NYC","NY","Richmond"
"36085013302","NYC","NY","Richmond"
"36085014100","NYC","NY","Richmond"
"36085014700","NYC","NY","Richmond"
"36085015100","NYC","NY","Richmond"
"36085016901","NYC","NY","Richmond"
"36085017300","NYC","NY","Richmond"
"36085017700","NYC","NY","Richmond"
"36085018100","NYC","NY","Richmond"
"36085018701","NYC","NY","Richmond"
"36085018702","NYC","NY","Richmond"
"36085018901","NYC","NY","Richmond"
"36085018902","NYC","NY","Richmond"
"36085019700","NYC","NY","Richmond"
"36085020100","NYC","NY","Richmond"
"36085020700","NYC","NY","Richmond"
"36085021300","NYC","NY","Richmond"
"36085022300","NYC","NY","Richmond"
"36085022800","NYC","NY","Richmond"
"36085023100","NYC","NY","Richmond"
"36085023900","NYC","NY","Richmond"
"36085024700","NYC","NY","Richmond"
"36085025100","NYC","NY","Richmond"
"36085027301","NYC","NY","Richmond"
"36085027302","NYC","NY","Richmond"
"36085029102","NYC","NY","Richmond"
"36085029103","NYC","NY","Richmond"
"36085029104","NYC","NY","Richmond"
"36085030301","NYC","NY","Richmond"
"36085030302","NYC","NY","Richmond"
"36085031901","NYC","NY","Richmond"
"36085031902","NYC","NY","Richmond"
"36085032300","NYC","NY","Richmond"
